{"multigraph": false, "links": [{"label": "directed", "target": 8, "source": 1}, {"label": "directed", "target": 20, "source": 1}, {"label": "directed", "target": 5, "source": 2}, {"label": "directed", "target": 8, "source": 3}, {"label": "directed", "target": 12, "source": 4}, {"label": "directed", "target": 3, "source": 4}, {"label": "directed", "target": 29, "source": 4}, {"label": "directed", "target": 7, "source": 4}, {"label": "directed", "target": 8, "source": 6}, {"label": "directed", "target": 20, "source": 6}, {"label": "directed", "target": 27, "source": 6}, {"label": "directed", "target": 11, "source": 6}, {"label": "directed", "target": 30, "source": 6}, {"label": "directed", "target": 15, "source": 7}, {"label": "directed", "target": 24, "source": 7}, {"label": "directed", "target": 29, "source": 7}, {"label": "directed", "target": 18, "source": 8}, {"label": "directed", "target": 32, "source": 8}, {"label": "directed", "target": 27, "source": 8}, {"label": "directed", "target": 15, "source": 8}, {"label": "directed", "target": 12, "source": 9}, {"label": "directed", "target": 39, "source": 9}, {"label": "directed", "target": 42, "source": 9}, {"label": "directed", "target": 26, "source": 11}, {"label": "directed", "target": 35, "source": 11}, {"label": "directed", "target": 1, "source": 11}, {"label": "directed", "target": 9, "source": 11}, {"label": "directed", "target": 10, "source": 11}, {"label": "directed", "target": 33, "source": 11}, {"label": "directed", "target": 13, "source": 11}, {"label": "directed", "target": 22, "source": 12}, {"label": "directed", "target": 0, "source": 13}, {"label": "directed", "target": 38, "source": 13}, {"label": "directed", "target": 21, "source": 13}, {"label": "undirected", "target": 10, "source": 13}, {"label": "directed", "target": 32, "source": 15}, {"label": "directed", "target": 40, "source": 16}, {"label": "directed", "target": 19, "source": 17}, {"label": "directed", "target": 16, "source": 17}, {"label": "directed", "target": 14, "source": 19}, {"label": "directed", "target": 11, "source": 19}, {"label": "directed", "target": 34, "source": 19}, {"label": "directed", "target": 41, "source": 19}, {"label": "directed", "target": 41, "source": 20}, {"label": "directed", "target": 42, "source": 21}, {"label": "directed", "target": 37, "source": 21}, {"label": "directed", "target": 14, "source": 22}, {"label": "directed", "target": 36, "source": 22}, {"label": "directed", "target": 2, "source": 23}, {"label": "directed", "target": 28, "source": 23}, {"label": "directed", "target": 40, "source": 27}, {"label": "directed", "target": 24, "source": 27}, {"label": "directed", "target": 2, "source": 31}, {"label": "directed", "target": 3, "source": 31}, {"label": "directed", "target": 4, "source": 31}, {"label": "directed", "target": 36, "source": 31}, {"label": "directed", "target": 30, "source": 31}, {"label": "directed", "target": 38, "source": 32}, {"label": "directed", "target": 37, "source": 32}, {"label": "directed", "target": 25, "source": 32}, {"label": "directed", "target": 21, "source": 33}, {"label": "undirected", "target": 9, "source": 33}, {"label": "undirected", "target": 13, "source": 33}, {"label": "directed", "target": 1, "source": 34}, {"label": "directed", "target": 6, "source": 34}, {"label": "directed", "target": 23, "source": 35}, {"label": "directed", "target": 5, "source": 38}, {"label": "directed", "target": 26, "source": 40}, {"label": "directed", "target": 23, "source": 40}, {"label": "directed", "target": 29, "source": 40}, {"label": "directed", "target": 31, "source": 41}, {"label": "directed", "target": 0, "source": 42}, {"label": "directed", "target": 16, "source": 42}, {"label": "directed", "target": 35, "source": 42}, {"label": "directed", "target": 4, "source": 42}, {"label": "directed", "target": 7, "source": 42}, {"label": "directed", "target": 18, "source": 42}, {"label": "directed", "target": 31, "source": 42}, {"label": "directed", "target": 22, "source": 42}], "graph": {}, "directed": true, "nodes": [{"id": "SIGLEC1"}, {"id": "HLA-DRB5"}, {"id": "NEO1"}, {"id": "SDC1"}, {"id": "CD99"}, {"id": "HLA-DPB1"}, {"id": "PTPRC"}, {"id": "PECAM1"}, {"id": "HLA-DRA"}, {"id": "GLG1"}, {"id": "HLA-E"}, {"id": "HLA-A"}, {"id": "CD276"}, {"id": "HLA-C"}, {"id": "ITGB7"}, {"id": "CDH5"}, {"id": "ITGA6"}, {"id": "dis"}, {"id": "HLA-DRB4"}, {"id": "ICAM1"}, {"id": "ITGB2"}, {"id": "HLA-F"}, {"id": "ITGAV"}, {"id": "OCLN"}, {"id": "HLA-DQB1"}, {"id": "PTPRF"}, {"id": "HLA-G"}, {"id": "HLA-DQA1"}, {"id": "ALCAM"}, {"id": "VCAN"}, {"id": "ITGAL"}, {"id": "ITGA4"}, {"id": "HLA-DMB"}, {"id": "HLA-B"}, {"id": "HLA-DRB1"}, {"id": "F11R"}, {"id": "CADM1"}, {"id": "HLA-DPA1"}, {"id": "HLA-DRB3"}, {"id": "CDH1"}, {"id": "VCAM1"}, {"id": "ITGAM"}, {"id": "ITGB1"}]}